size_mib,window,bit_input,bit,cols,rows,chunk_bytes,data_frames,exported_frames,sampled,per_frame_ms,decode_fps,receive_elapsed_s,fps,channel_s,est_decode_s,total_s,bottleneck,throughput_mib_s
1,800x600,4,4,192,142,3382,311,315,False,6.482,154.3,2.042,5,63.0,2.042,63.0,playback,0.016
1,800x600,4,4,192,142,3382,311,315,False,6.482,154.3,2.042,10,31.5,2.042,31.5,playback,0.032
1,800x600,4,4,192,142,3382,311,315,False,6.482,154.3,2.042,20,15.8,2.042,15.8,playback,0.063
1,800x600,8,8,92,66,733,1431,1446,False,4.35,229.9,6.29,5,289.2,6.29,289.2,playback,0.003
1,800x600,8,8,92,66,733,1431,1446,False,4.35,229.9,6.29,10,144.6,6.29,144.6,playback,0.007
1,800x600,8,8,92,66,733,1431,1446,False,4.35,229.9,6.29,20,72.3,6.29,72.3,playback,0.014
1,800x600,12,12,58,40,264,3974,4014,False,4.408,226.9,17.693,5,802.8,17.693,802.8,playback,0.001
1,800x600,12,12,58,40,264,3974,4014,False,4.408,226.9,17.693,10,401.4,17.693,401.4,playback,0.002
1,800x600,12,12,58,40,264,3974,4014,False,4.408,226.9,17.693,20,200.7,17.693,200.7,playback,0.005
1,1280x800,4,5,248,152,4686,224,227,False,10.884,91.9,2.471,5,45.4,2.471,45.4,playback,0.022
1,1280x800,4,5,248,152,4686,224,227,False,10.884,91.9,2.471,10,22.7,2.471,22.7,playback,0.044
1,1280x800,4,5,248,152,4686,224,227,False,10.884,91.9,2.471,20,11.3,2.471,11.3,playback,0.088
1,1280x800,8,8,152,92,1722,610,617,False,8.333,120.0,5.142,5,123.4,5.142,123.4,playback,0.008
1,1280x800,8,8,152,92,1722,610,617,False,8.333,120.0,5.142,10,61.7,5.142,61.7,playback,0.016
1,1280x800,8,8,152,92,1722,610,617,False,8.333,120.0,5.142,20,30.9,5.142,30.9,playback,0.032
1,1280x800,12,12,98,56,660,1590,1606,False,8.885,112.6,14.269,5,321.2,14.269,321.2,playback,0.003
1,1280x800,12,12,98,56,660,1590,1606,False,8.885,112.6,14.269,10,160.6,14.269,160.6,playback,0.006
1,1280x800,12,12,98,56,660,1590,1606,False,8.885,112.6,14.269,20,80.3,14.269,80.3,playback,0.012
1,1920x1080,4,8,232,127,3657,287,290,False,15.71,63.7,4.556,5,58.0,4.556,58.0,playback,0.017
1,1920x1080,4,8,232,127,3657,287,290,False,15.71,63.7,4.556,10,29.0,4.556,29.0,playback,0.034
1,1920x1080,4,8,232,127,3657,287,290,False,15.71,63.7,4.556,20,14.5,4.556,14.5,playback,0.069
1,1920x1080,12,12,152,82,1532,685,692,False,15.708,63.7,10.87,5,138.4,10.87,138.4,playback,0.007
1,1920x1080,12,12,152,82,1532,685,692,False,15.708,63.7,10.87,10,69.2,10.87,69.2,playback,0.014
1,1920x1080,12,12,152,82,1532,685,692,False,15.708,63.7,10.87,20,34.6,10.87,34.6,playback,0.029
5,800x600,4,4,192,142,3382,1551,1567,False,7.51,133.2,11.769,5,313.4,11.769,313.4,playback,0.016
5,800x600,4,4,192,142,3382,1551,1567,False,7.51,133.2,11.769,10,156.7,11.769,156.7,playback,0.032
5,800x600,4,4,192,142,3382,1551,1567,False,7.51,133.2,11.769,20,78.3,11.769,78.3,playback,0.064
5,800x600,8,8,92,66,733,7153,7225,True,5.053,197.9,,5,1445.0,36.5,1445.0,playback,0.003
5,800x600,8,8,92,66,733,7153,7225,True,5.053,197.9,,10,722.5,36.5,722.5,playback,0.007
5,800x600,8,8,92,66,733,7153,7225,True,5.053,197.9,,20,361.2,36.5,361.2,playback,0.014
5,800x600,12,12,58,40,264,19860,20059,True,4.826,207.2,,5,4011.8,96.8,4011.8,playback,0.001
5,800x600,12,12,58,40,264,19860,20059,True,4.826,207.2,,10,2005.9,96.8,2005.9,playback,0.002
5,800x600,12,12,58,40,264,19860,20059,True,4.826,207.2,,20,1003.0,96.8,1003.0,playback,0.005
5,1280x800,4,5,248,152,4686,1120,1132,False,10.507,95.2,11.894,5,226.4,11.894,226.4,playback,0.022
5,1280x800,4,5,248,152,4686,1120,1132,False,10.507,95.2,11.894,10,113.2,11.894,113.2,playback,0.044
5,1280x800,4,5,248,152,4686,1120,1132,False,10.507,95.2,11.894,20,56.6,11.894,56.6,playback,0.088
5,1280x800,8,8,152,92,1722,3046,3077,False,8.881,112.6,27.328,5,615.4,27.328,615.4,playback,0.008
5,1280x800,8,8,152,92,1722,3046,3077,False,8.881,112.6,27.328,10,307.7,27.328,307.7,playback,0.016
5,1280x800,8,8,152,92,1722,3046,3077,False,8.881,112.6,27.328,20,153.8,27.328,153.8,playback,0.032
5,1280x800,12,12,98,56,660,7944,8024,True,8.02,124.7,,5,1604.8,64.4,1604.8,playback,0.003
5,1280x800,12,12,98,56,660,7944,8024,True,8.02,124.7,,10,802.4,64.4,802.4,playback,0.006
5,1280x800,12,12,98,56,660,7944,8024,True,8.02,124.7,,20,401.2,64.4,401.2,playback,0.012
5,1920x1080,4,8,232,127,3657,1435,1450,False,19.255,51.9,27.919,5,290.0,27.919,290.0,playback,0.017
5,1920x1080,4,8,232,127,3657,1435,1450,False,19.255,51.9,27.919,10,145.0,27.919,145.0,playback,0.034
5,1920x1080,4,8,232,127,3657,1435,1450,False,19.255,51.9,27.919,20,72.5,27.919,72.5,playback,0.069
5,1920x1080,12,12,152,82,1532,3424,3459,False,22.813,43.8,78.909,5,691.8,78.909,691.8,playback,0.007
5,1920x1080,12,12,152,82,1532,3424,3459,False,22.813,43.8,78.909,10,345.9,78.909,345.9,playback,0.014
5,1920x1080,12,12,152,82,1532,3424,3459,False,22.813,43.8,78.909,20,172.9,78.909,172.9,playback,0.029
10,800x600,4,4,192,142,3382,3102,3134,False,8.665,115.4,27.156,5,626.8,27.156,626.8,playback,0.016
10,800x600,4,4,192,142,3382,3102,3134,False,8.665,115.4,27.156,10,313.4,27.156,313.4,playback,0.032
10,800x600,4,4,192,142,3382,3102,3134,False,8.665,115.4,27.156,20,156.7,27.156,156.7,playback,0.064
10,800x600,8,8,92,66,733,14306,14450,True,5.417,184.6,,5,2890.0,78.3,2890.0,playback,0.003
10,800x600,8,8,92,66,733,14306,14450,True,5.417,184.6,,10,1445.0,78.3,1445.0,playback,0.007
10,800x600,8,8,92,66,733,14306,14450,True,5.417,184.6,,20,722.5,78.3,722.5,playback,0.014
10,800x600,12,12,58,40,264,39719,40117,True,5.046,198.2,,5,8023.4,202.4,8023.4,playback,0.001
10,800x600,12,12,58,40,264,39719,40117,True,5.046,198.2,,10,4011.7,202.4,4011.7,playback,0.002
10,800x600,12,12,58,40,264,39719,40117,True,5.046,198.2,,20,2005.8,202.4,2005.8,playback,0.005
10,1280x800,4,5,248,152,4686,2239,2262,False,12.707,78.7,28.744,5,452.4,28.744,452.4,playback,0.022
10,1280x800,4,5,248,152,4686,2239,2262,False,12.707,78.7,28.744,10,226.2,28.744,226.2,playback,0.044
10,1280x800,4,5,248,152,4686,2239,2262,False,12.707,78.7,28.744,20,113.1,28.744,113.1,playback,0.088
10,1280x800,8,8,152,92,1722,6090,6151,True,9.842,101.6,,5,1230.2,60.5,1230.2,playback,0.008
10,1280x800,8,8,152,92,1722,6090,6151,True,9.842,101.6,,10,615.1,60.5,615.1,playback,0.016
10,1280x800,8,8,152,92,1722,6090,6151,True,9.842,101.6,,20,307.6,60.5,307.6,playback,0.033
10,1280x800,12,12,98,56,660,15888,16047,True,8.274,120.9,,5,3209.4,132.8,3209.4,playback,0.003
10,1280x800,12,12,98,56,660,15888,16047,True,8.274,120.9,,10,1604.7,132.8,1604.7,playback,0.006
10,1280x800,12,12,98,56,660,15888,16047,True,8.274,120.9,,20,802.4,132.8,802.4,playback,0.012
10,1920x1080,4,8,232,127,3657,2869,2898,False,16.943,59.0,49.102,5,579.6,49.102,579.6,playback,0.017
10,1920x1080,4,8,232,127,3657,2869,2898,False,16.943,59.0,49.102,10,289.8,49.102,289.8,playback,0.035
10,1920x1080,4,8,232,127,3657,2869,2898,False,16.943,59.0,49.102,20,144.9,49.102,144.9,playback,0.069
10,1920x1080,12,12,152,82,1532,6845,6914,True,15.888,62.9,,5,1382.8,109.8,1382.8,playback,0.007
10,1920x1080,12,12,152,82,1532,6845,6914,True,15.888,62.9,,10,691.4,109.8,691.4,playback,0.014
10,1920x1080,12,12,152,82,1532,6845,6914,True,15.888,62.9,,20,345.7,109.8,345.7,playback,0.029
20,800x600,4,4,192,142,3382,6201,6264,True,6.38,156.7,,5,1252.8,40.0,1252.8,playback,0.016
20,800x600,4,4,192,142,3382,6201,6264,True,6.38,156.7,,10,626.4,40.0,626.4,playback,0.032
20,800x600,4,4,192,142,3382,6201,6264,True,6.38,156.7,,20,313.2,40.0,313.2,playback,0.064
20,800x600,8,8,92,66,733,28611,28898,True,4.356,229.6,,5,5779.6,125.9,5779.6,playback,0.003
20,800x600,8,8,92,66,733,28611,28898,True,4.356,229.6,,10,2889.8,125.9,2889.8,playback,0.007
20,800x600,8,8,92,66,733,28611,28898,True,4.356,229.6,,20,1444.9,125.9,1444.9,playback,0.014
20,800x600,12,12,58,40,264,79438,80233,True,4.187,238.8,,5,16046.6,335.9,16046.6,playback,0.001
20,800x600,12,12,58,40,264,79438,80233,True,4.187,238.8,,10,8023.3,335.9,8023.3,playback,0.002
20,800x600,12,12,58,40,264,79438,80233,True,4.187,238.8,,20,4011.7,335.9,4011.7,playback,0.005
20,1280x800,4,5,248,152,4686,4476,4521,True,10.187,98.2,,5,904.2,46.1,904.2,playback,0.022
20,1280x800,4,5,248,152,4686,4476,4521,True,10.187,98.2,,10,452.1,46.1,452.1,playback,0.044
20,1280x800,4,5,248,152,4686,4476,4521,True,10.187,98.2,,20,226.1,46.1,226.1,playback,0.088
20,1280x800,8,8,152,92,1722,12179,12301,True,8.001,125.0,,5,2460.2,98.4,2460.2,playback,0.008
20,1280x800,8,8,152,92,1722,12179,12301,True,8.001,125.0,,10,1230.1,98.4,1230.1,playback,0.016
20,1280x800,8,8,152,92,1722,12179,12301,True,8.001,125.0,,20,615.0,98.4,615.0,playback,0.033
20,1280x800,12,12,98,56,660,31776,32094,True,8.359,119.6,,5,6418.8,268.3,6418.8,playback,0.003
20,1280x800,12,12,98,56,660,31776,32094,True,8.359,119.6,,10,3209.4,268.3,3209.4,playback,0.006
20,1280x800,12,12,98,56,660,31776,32094,True,8.359,119.6,,20,1604.7,268.3,1604.7,playback,0.012
20,1920x1080,4,8,232,127,3657,5735,5793,True,18.066,55.4,,5,1158.6,104.7,1158.6,playback,0.017
20,1920x1080,4,8,232,127,3657,5735,5793,True,18.066,55.4,,10,579.3,104.7,579.3,playback,0.035
20,1920x1080,4,8,232,127,3657,5735,5793,True,18.066,55.4,,20,289.6,104.7,289.6,playback,0.069
20,1920x1080,12,12,152,82,1532,13689,13826,True,17.866,56.0,,5,2765.2,247.0,2765.2,playback,0.007
20,1920x1080,12,12,152,82,1532,13689,13826,True,17.866,56.0,,10,1382.6,247.0,1382.6,playback,0.014
20,1920x1080,12,12,152,82,1532,13689,13826,True,17.866,56.0,,20,691.3,247.0,691.3,playback,0.029
