window,bit_input,bit,cols,rows,chunk_bytes,px,frames,legacy_mean_ms,legacy_median_ms,legacy_p95_ms,legacy_decode_fps,c1_mean_ms,c1_median_ms,c1_p95_ms,c1_decode_fps,c2_mean_ms,c2_median_ms,c2_p95_ms,c2_decode_fps,c1c2_mean_ms,c1c2_median_ms,c1c2_p95_ms,c1c2_decode_fps,speedup_c1c2
800x600,4,4,192,142,3382,480000,60,5.345,5.218,6.881,187.1,0.92,0.835,1.371,1087.3,7.709,7.602,9.456,129.7,2.459,2.483,2.989,406.6,2.17
800x600,8,8,92,66,733,473600,60,3.3,3.28,4.071,303.0,1.021,0.97,1.452,979.1,3.733,3.634,4.877,267.9,1.108,1.08,1.476,902.3,2.98
800x600,12,12,58,40,264,456192,60,3.393,3.298,4.408,294.8,1.062,1.053,1.415,941.8,3.601,3.518,4.952,277.7,0.74,0.717,0.975,1351.9,4.59
1280x800,4,5,248,152,4686,1024000,60,10.857,10.852,12.972,92.1,2.567,2.529,3.167,389.5,13.438,13.345,16.082,74.4,4.818,4.798,5.642,207.6,2.25
1280x800,8,8,152,92,1722,1024000,60,7.466,7.393,9.494,133.9,2.026,1.975,2.613,493.7,7.668,7.649,9.543,130.4,2.264,2.256,2.757,441.7,3.3
1280x800,12,12,98,56,660,976896,60,6.015,5.956,7.023,166.2,1.852,1.79,2.389,540.0,5.768,5.707,7.043,173.4,1.555,1.483,2.13,643.1,3.87
1920x1080,4,8,232,127,3657,2073600,60,14.424,14.106,17.272,69.3,5.037,4.98,6.269,198.5,14.483,14.192,17.119,69.0,4.546,4.433,5.682,220.0,3.17
1920x1080,12,12,152,82,1532,2073600,60,14.83,14.684,16.513,67.4,5.165,5.071,6.277,193.6,13.818,13.645,16.043,72.4,3.196,3.097,4.117,312.9,4.64
3840x2160,4,15,248,136,4190,8294400,60,58.181,58.283,67.663,17.2,22.405,22.402,24.758,44.6,45.021,44.751,50.11,22.2,13.137,13.15,14.914,76.1,4.43
