fps,rep,size_mib,cycle_s,wall_s,elapsed_s,received,total,rejected,sha_ok,failed
10,0,5,204.6,213.994,213.699,2025,2025,2,True,False
10,1,5,204.6,213.791,213.489,2025,2025,2,True,False
10,2,5,204.6,409.198,408.884,2025,2025,252,True,False
15,0,5,136.4,281.611,281.352,2025,2025,2,True,False
15,1,5,136.4,142.349,142.065,2025,2025,2,True,False
15,2,5,136.4,280.12,279.844,2025,2025,2,True,False
20,0,5,102.3,509.572,509.32,2025,2025,2,True,False
20,1,5,102.3,538.828,538.562,2025,2025,2,True,False
20,2,5,102.3,632.681,,,,,,True
30,0,5,68.2,430.204,,,,,,True
30,1,5,68.2,430.202,,,,,,True
30,2,5,68.2,430.224,,,,,,True
